zone,share,season,ft,w3,pace,p_hat
0,0.1836406593406593,2025,0.7713128205128206,0.3552435897435897,97.76692307692306,0.7028386157453568
0,0.1863404282844961,2025,0.7713128205128206,0.3552435897435897,97.76692307692306,0.7021880966922602
0,0.1890401972283328,2025,0.7713128205128206,0.3552435897435897,97.76692307692306,0.701512916081348
0,0.1917399661721696,2025,0.7713128205128206,0.3552435897435897,97.76692307692306,0.7008097190671976
0,0.1944397351160063,2025,0.7713128205128206,0.3552435897435897,97.76692307692306,0.7000794637976777
0,0.197139504059843,2025,0.7713128205128206,0.3552435897435897,97.76692307692306,0.699323117321644
0,0.1998392730036798,2025,0.7713128205128206,0.3552435897435897,97.76692307692306,0.6985416466879515
0,0.2025390419475165,2025,0.7713128205128206,0.3552435897435897,97.76692307692306,0.6977360189454559
0,0.2052388108913533,2025,0.7713128205128206,0.3552435897435897,97.76692307692306,0.6969072011430123
0,0.20793857983519,2025,0.7713128205128206,0.3552435897435897,97.76692307692306,0.6960561603294761
0,0.2106383487790267,2025,0.7713128205128206,0.3552435897435897,97.76692307692306,0.6951838635537028
0,0.2133381177228634,2025,0.7713128205128206,0.3552435897435897,97.76692307692306,0.6942912778645476
0,0.2160378866667002,2025,0.7713128205128206,0.3552435897435897,97.76692307692306,0.6933793703108659
0,0.2187376556105369,2025,0.7713128205128206,0.3552435897435897,97.76692307692306,0.6924491079415129
0,0.2214374245543737,2025,0.7713128205128206,0.3552435897435897,97.76692307692306,0.6915014578053443
0,0.2241371934982104,2025,0.7713128205128206,0.3552435897435897,97.76692307692306,0.6905373869512152
0,0.2268369624420471,2025,0.7713128205128206,0.3552435897435897,97.76692307692306,0.6895578624279809
0,0.2295367313858839,2025,0.7713128205128206,0.3552435897435897,97.76692307692306,0.6885638512844969
0,0.2322365003297206,2025,0.7713128205128206,0.3552435897435897,97.76692307692306,0.6875563205696186
0,0.2349362692735574,2025,0.7713128205128206,0.3552435897435897,97.76692307692306,0.686536237332201
0,0.2376360382173941,2025,0.7713128205128206,0.3552435897435897,97.76692307692306,0.6855045686210999
0,0.2403358071612308,2025,0.7713128205128206,0.3552435897435897,97.76692307692306,0.6844622814851703
0,0.2430355761050676,2025,0.7713128205128206,0.3552435897435897,97.76692307692306,0.6834103429732679
0,0.2457353450489043,2025,0.7713128205128206,0.3552435897435897,97.76692307692306,0.6823497201342477
0,0.2484351139927411,2025,0.7713128205128206,0.3552435897435897,97.76692307692306,0.6812813800169653
0,0.2511348829365778,2025,0.7713128205128206,0.3552435897435897,97.76692307692306,0.6802062896702757
0,0.2538346518804145,2025,0.7713128205128206,0.3552435897435897,97.76692307692306,0.6791254161430348
0,0.2565344208242513,2025,0.7713128205128206,0.3552435897435897,97.76692307692306,0.6780397264840974
0,0.259234189768088,2025,0.7713128205128206,0.3552435897435897,97.76692307692306,0.6769501877423192
0,0.2619339587119248,2025,0.7713128205128206,0.3552435897435897,97.76692307692306,0.6758577669665553
0,0.2646337276557615,2025,0.7713128205128206,0.3552435897435897,97.76692307692306,0.6747634312056614
0,0.2673334965995982,2025,0.7713128205128206,0.3552435897435897,97.76692307692306,0.6736681475084926
0,0.270033265543435,2025,0.7713128205128206,0.3552435897435897,97.76692307692306,0.6725728854128292
0,0.2727330344872717,2025,0.7713128205128206,0.3552435897435897,97.76692307692306,0.6714795433804498
0,0.2754328034311085,2025,0.7713128205128206,0.3552435897435897,97.76692307692306,0.6703923364547238
0,0.2781325723749452,2025,0.7713128205128206,0.3552435897435897,97.76692307692306,0.6693158348092598
0,0.280832341318782,2025,0.7713128205128206,0.3552435897435897,97.76692307692306,0.6682546086176666
0,0.2835321102626187,2025,0.7713128205128206,0.3552435897435897,97.76692307692306,0.6672132280535532
0,0.2862318792064554,2025,0.7713128205128206,0.3552435897435897,97.76692307692306,0.6661962632905282
0,0.2889316481502921,2025,0.7713128205128206,0.3552435897435897,97.76692307692306,0.6652082845022006
0,0.2916314170941289,2025,0.7713128205128206,0.3552435897435897,97.76692307692306,0.6642538618621792
0,0.2943311860379656,2025,0.7713128205128206,0.3552435897435897,97.76692307692306,0.6633375655440724
0,0.2970309549818024,2025,0.7713128205128206,0.3552435897435897,97.76692307692306,0.6624639657214895
0,0.2997307239256391,2025,0.7713128205128206,0.3552435897435897,97.76692307692306,0.6616376325680392
0,0.3024304928694759,2025,0.7713128205128206,0.3552435897435897,97.76692307692306,0.6608631362573303
0,0.3051302618133126,2025,0.7713128205128206,0.3552435897435897,97.76692307692306,0.6601450469629716
0,0.3078300307571493,2025,0.7713128205128206,0.3552435897435897,97.76692307692306,0.6594879348585718
0,0.310529799700986,2025,0.7713128205128206,0.3552435897435897,97.76692307692306,0.6588963701177397
0,0.3132295686448228,2025,0.7713128205128206,0.3552435897435897,97.76692307692306,0.6583749229140845
0,0.3159293375886595,2025,0.7713128205128206,0.3552435897435897,97.76692307692306,0.6579281634212145
0,0.3186291065324963,2025,0.7713128205128206,0.3552435897435897,97.76692307692306,0.6575606618127385
0,0.321328875476333,2025,0.7713128205128206,0.3552435897435897,97.76692307692306,0.657276988262266
0,0.3240286444201697,2025,0.7713128205128206,0.3552435897435897,97.76692307692306,0.6570817129434051
0,0.3267284133640065,2025,0.7713128205128206,0.3552435897435897,97.76692307692306,0.6569794060297649
0,0.3294281823078432,2025,0.7713128205128206,0.3552435897435897,97.76692307692306,0.6569746376949541
0,0.33212795125168,2025,0.7713128205128206,0.3552435897435897,97.76692307692306,0.6570719781125817
0,0.3348277201955167,2025,0.7713128205128206,0.3552435897435897,97.76692307692306,0.6572759974562564
0,0.3375274891393535,2025,0.7713128205128206,0.3552435897435897,97.76692307692306,0.6575912658995869
0,0.3402272580831902,2025,0.7713128205128206,0.3552435897435897,97.76692307692306,0.6580223536161822
0,0.3429270270270269,2025,0.7713128205128206,0.3552435897435897,97.76692307692306,0.6585738307796509
1,0.11612,2025,0.7713128205128206,0.3552435897435897,97.76692307692306,0.4005854204816048
1,0.1186109248231282,2025,0.7713128205128206,0.3552435897435897,97.76692307692306,0.4017515705696556
1,0.1211018496462564,2025,0.7713128205128206,0.3552435897435897,97.76692307692306,0.4028891323652305
1,0.1235927744693846,2025,0.7713128205128206,0.3552435897435897,97.76692307692306,0.4040001032654858
1,0.1260836992925128,2025,0.7713128205128206,0.3552435897435897,97.76692307692306,0.4050864806675779
1,0.128574624115641,2025,0.7713128205128206,0.3552435897435897,97.76692307692306,0.4061502619686636
1,0.1310655489387692,2025,0.7713128205128206,0.3552435897435897,97.76692307692306,0.4071934445658995
1,0.1335564737618974,2025,0.7713128205128206,0.3552435897435897,97.76692307692306,0.4082180258564418
1,0.1360473985850256,2025,0.7713128205128206,0.3552435897435897,97.76692307692306,0.4092260032374473
1,0.1385383234081539,2025,0.7713128205128206,0.3552435897435897,97.76692307692306,0.4102193741060722
1,0.1410292482312821,2025,0.7713128205128206,0.3552435897435897,97.76692307692306,0.4112001358594733
1,0.1435201730544103,2025,0.7713128205128206,0.3552435897435897,97.76692307692306,0.412170285894807
1,0.1460110978775385,2025,0.7713128205128206,0.3552435897435897,97.76692307692306,0.4131318216092299
1,0.1485020227006667,2025,0.7713128205128206,0.3552435897435897,97.76692307692306,0.4140867403998984
1,0.1509929475237949,2025,0.7713128205128206,0.3552435897435897,97.76692307692306,0.4150370396639691
1,0.1534838723469231,2025,0.7713128205128206,0.3552435897435897,97.76692307692306,0.4159847167985985
1,0.1559747971700514,2025,0.7713128205128206,0.3552435897435897,97.76692307692306,0.4169317692009431
1,0.1584657219931796,2025,0.7713128205128206,0.3552435897435897,97.76692307692306,0.4178801942681595
1,0.1609566468163078,2025,0.7713128205128206,0.3552435897435897,97.76692307692306,0.4188319893974042
1,0.163447571639436,2025,0.7713128205128206,0.3552435897435897,97.76692307692306,0.4197891519858336
1,0.1659384964625642,2025,0.7713128205128206,0.3552435897435897,97.76692307692306,0.4207536794306044
1,0.1684294212856924,2025,0.7713128205128206,0.3552435897435897,97.76692307692306,0.4217275691288729
1,0.1709203461088206,2025,0.7713128205128206,0.3552435897435897,97.76692307692306,0.4227128184777958
1,0.1734112709319488,2025,0.7713128205128206,0.3552435897435897,97.76692307692306,0.4237114248745294
1,0.175902195755077,2025,0.7713128205128206,0.3552435897435897,97.76692307692306,0.4247253857162306
1,0.1783931205782052,2025,0.7713128205128206,0.3552435897435897,97.76692307692306,0.4257566984000557
1,0.1808840454013335,2025,0.7713128205128206,0.3552435897435897,97.76692307692306,0.4268073603231611
1,0.1833749702244617,2025,0.7713128205128206,0.3552435897435897,97.76692307692306,0.4278793688827036
1,0.1858658950475899,2025,0.7713128205128206,0.3552435897435897,97.76692307692306,0.4289747214758394
1,0.1883568198707181,2025,0.7713128205128206,0.3552435897435897,97.76692307692306,0.4300952909263456
1,0.1908477446938463,2025,0.7713128205128206,0.3552435897435897,97.76692307692306,0.4312414212621969
1,0.1933386695169745,2025,0.7713128205128206,0.3552435897435897,97.76692307692306,0.4324124305040906
1,0.1958295943401027,2025,0.7713128205128206,0.3552435897435897,97.76692307692306,0.4336076176977597
1,0.1983205191632309,2025,0.7713128205128206,0.3552435897435897,97.76692307692306,0.4348262818889375
1,0.2008114439863592,2025,0.7713128205128206,0.3552435897435897,97.76692307692306,0.4360677221233568
1,0.2033023688094873,2025,0.7713128205128206,0.3552435897435897,97.76692307692306,0.4373312374467506
1,0.2057932936326156,2025,0.7713128205128206,0.3552435897435897,97.76692307692306,0.4386161269048521
1,0.2082842184557438,2025,0.7713128205128206,0.3552435897435897,97.76692307692306,0.4399216895433941
1,0.210775143278872,2025,0.7713128205128206,0.3552435897435897,97.76692307692306,0.44124722440811
1,0.2132660681020002,2025,0.7713128205128206,0.3552435897435897,97.76692307692306,0.4425920305447325
1,0.2157569929251284,2025,0.7713128205128206,0.3552435897435897,97.76692307692306,0.4439554069989948
1,0.2182479177482566,2025,0.7713128205128206,0.3552435897435897,97.76692307692306,0.4453366528166299
1,0.2207388425713848,2025,0.7713128205128206,0.3552435897435897,97.76692307692306,0.4467350670433707
1,0.223229767394513,2025,0.7713128205128206,0.3552435897435897,97.76692307692306,0.4481499487249505
1,0.2257206922176413,2025,0.7713128205128206,0.3552435897435897,97.76692307692306,0.4495805969071021
1,0.2282116170407695,2025,0.7713128205128206,0.3552435897435897,97.76692307692306,0.4510263106355588
1,0.2307025418638977,2025,0.7713128205128206,0.3552435897435897,97.76692307692306,0.4524863889560533
1,0.2331934666870259,2025,0.7713128205128206,0.3552435897435897,97.76692307692306,0.4539601309143188
1,0.2356843915101541,2025,0.7713128205128206,0.3552435897435897,97.76692307692306,0.4554468355560885
1,0.2381753163332823,2025,0.7713128205128206,0.3552435897435897,97.76692307692306,0.4569458019270952
1,0.2406662411564105,2025,0.7713128205128206,0.3552435897435897,97.76692307692306,0.458456329073072
1,0.2431571659795387,2025,0.7713128205128206,0.3552435897435897,97.76692307692306,0.4599777160397519
1,0.2456480908026669,2025,0.7713128205128206,0.3552435897435897,97.76692307692306,0.4615092618728681
1,0.2481390156257951,2025,0.7713128205128206,0.3552435897435897,97.76692307692306,0.4630502656181535
1,0.2506299404489234,2025,0.7713128205128206,0.3552435897435897,97.76692307692306,0.4646000263213412
1,0.2531208652720516,2025,0.7713128205128206,0.3552435897435897,97.76692307692306,0.4661578430281641
1,0.2556117900951798,2025,0.7713128205128206,0.3552435897435897,97.76692307692306,0.4677230147843554
1,0.258102714918308,2025,0.7713128205128206,0.3552435897435897,97.76692307692306,0.4692948406356481
1,0.2605936397414362,2025,0.7713128205128206,0.3552435897435897,97.76692307692306,0.470872619627775
1,0.2630845645645644,2025,0.7713128205128206,0.3552435897435897,97.76692307692306,0.4724556508064697
2,0.0538571428571428,2025,0.7713128205128206,0.3552435897435897,97.76692307692306,0.3951046769077338
2,0.0553704648958886,2025,0.7713128205128206,0.3552435897435897,97.76692307692306,0.3966652275417021
2,0.0568837869346343,2025,0.7713128205128206,0.3552435897435897,97.76692307692306,0.3981808203335086
2,0.0583971089733801,2025,0.7713128205128206,0.3552435897435897,97.76692307692306,0.3996534290860441
2,0.0599104310121259,2025,0.7713128205128206,0.3552435897435897,97.76692307692306,0.4010850276021989
2,0.0614237530508716,2025,0.7713128205128206,0.3552435897435897,97.76692307692306,0.4024775896848632
2,0.0629370750896174,2025,0.7713128205128206,0.3552435897435897,97.76692307692306,0.4038330891369276
2,0.0644503971283632,2025,0.7713128205128206,0.3552435897435897,97.76692307692306,0.4051534997612824
2,0.065963719167109,2025,0.7713128205128206,0.3552435897435897,97.76692307692306,0.406440795360818
2,0.0674770412058547,2025,0.7713128205128206,0.3552435897435897,97.76692307692306,0.4076969497384248
2,0.0689903632446005,2025,0.7713128205128206,0.3552435897435897,97.76692307692306,0.4089239366969931
2,0.0705036852833463,2025,0.7713128205128206,0.3552435897435897,97.76692307692306,0.4101237300394135
2,0.072017007322092,2025,0.7713128205128206,0.3552435897435897,97.76692307692306,0.4112983035685762
2,0.0735303293608378,2025,0.7713128205128206,0.3552435897435897,97.76692307692306,0.4124496310873715
2,0.0750436513995836,2025,0.7713128205128206,0.3552435897435897,97.76692307692306,0.4135796863986901
2,0.0765569734383293,2025,0.7713128205128206,0.3552435897435897,97.76692307692306,0.4146904433054221
2,0.0780702954770751,2025,0.7713128205128206,0.3552435897435897,97.76692307692306,0.415783875610458
2,0.0795836175158209,2025,0.7713128205128206,0.3552435897435897,97.76692307692306,0.4168619571166882
2,0.0810969395545666,2025,0.7713128205128206,0.3552435897435897,97.76692307692306,0.4179266616270031
2,0.0826102615933124,2025,0.7713128205128206,0.3552435897435897,97.76692307692306,0.418979962944293
2,0.0841235836320582,2025,0.7713128205128206,0.3552435897435897,97.76692307692306,0.4200238348714484
2,0.0856369056708039,2025,0.7713128205128206,0.3552435897435897,97.76692307692306,0.4210602512113598
2,0.0871502277095497,2025,0.7713128205128206,0.3552435897435897,97.76692307692306,0.4220911857669172
2,0.0886635497482955,2025,0.7713128205128206,0.3552435897435897,97.76692307692306,0.4231186123410112
2,0.0901768717870412,2025,0.7713128205128206,0.3552435897435897,97.76692307692306,0.4241445047365323
2,0.091690193825787,2025,0.7713128205128206,0.3552435897435897,97.76692307692306,0.4251708367563708
2,0.0932035158645328,2025,0.7713128205128206,0.3552435897435897,97.76692307692306,0.426199582203417
2,0.0947168379032785,2025,0.7713128205128206,0.3552435897435897,97.76692307692306,0.4272327148805614
2,0.0962301599420243,2025,0.7713128205128206,0.3552435897435897,97.76692307692306,0.4282722085906943
2,0.0977434819807701,2025,0.7713128205128206,0.3552435897435897,97.76692307692306,0.4293200371367063
2,0.0992568040195158,2025,0.7713128205128206,0.3552435897435897,97.76692307692306,0.4303781743214876
2,0.1007701260582616,2025,0.7713128205128206,0.3552435897435897,97.76692307692306,0.4314485939479285
2,0.1022834480970074,2025,0.7713128205128206,0.3552435897435897,97.76692307692306,0.4325332698189195
2,0.1037967701357531,2025,0.7713128205128206,0.3552435897435897,97.76692307692306,0.4336341757373511
2,0.1053100921744989,2025,0.7713128205128206,0.3552435897435897,97.76692307692306,0.4347526241421567
2,0.1068234142132447,2025,0.7713128205128206,0.3552435897435897,97.76692307692306,0.4358868891305705
2,0.1083367362519904,2025,0.7713128205128206,0.3552435897435897,97.76692307692306,0.4370343728299449
2,0.1098500582907362,2025,0.7713128205128206,0.3552435897435897,97.76692307692306,0.4381924772929847
2,0.111363380329482,2025,0.7713128205128206,0.3552435897435897,97.76692307692306,0.4393586045723946
2,0.1128767023682277,2025,0.7713128205128206,0.3552435897435897,97.76692307692306,0.4405301567208787
2,0.1143900244069735,2025,0.7713128205128206,0.3552435897435897,97.76692307692306,0.4417045357911419
2,0.1159033464457193,2025,0.7713128205128206,0.3552435897435897,97.76692307692306,0.4428791438358884
2,0.117416668484465,2025,0.7713128205128206,0.3552435897435897,97.76692307692306,0.4440513829078231
2,0.1189299905232108,2025,0.7713128205128206,0.3552435897435897,97.76692307692306,0.4452186550596504
2,0.1204433125619566,2025,0.7713128205128206,0.3552435897435897,97.76692307692306,0.4463783623440749
2,0.1219566346007023,2025,0.7713128205128206,0.3552435897435897,97.76692307692306,0.447527906813801
2,0.1234699566394481,2025,0.7713128205128206,0.3552435897435897,97.76692307692306,0.4486646905215332
2,0.1249832786781939,2025,0.7713128205128206,0.3552435897435897,97.76692307692306,0.4497861155199764
2,0.1264966007169397,2025,0.7713128205128206,0.3552435897435897,97.76692307692306,0.4508895838618347
2,0.1280099227556854,2025,0.7713128205128206,0.3552435897435897,97.76692307692306,0.451972497599813
2,0.1295232447944312,2025,0.7713128205128206,0.3552435897435897,97.76692307692306,0.4530322587866157
2,0.131036566833177,2025,0.7713128205128206,0.3552435897435897,97.76692307692306,0.4540662694749472
2,0.1325498888719227,2025,0.7713128205128206,0.3552435897435897,97.76692307692306,0.4550719317175123
2,0.1340632109106685,2025,0.7713128205128206,0.3552435897435897,97.76692307692306,0.4560466475670155
2,0.1355765329494143,2025,0.7713128205128206,0.3552435897435897,97.76692307692306,0.456987819076161
2,0.13708985498816,2025,0.7713128205128206,0.3552435897435897,97.76692307692306,0.4578928482976538
2,0.1386031770269058,2025,0.7713128205128206,0.3552435897435897,97.76692307692306,0.4587591372841982
2,0.1401164990656515,2025,0.7713128205128206,0.3552435897435897,97.76692307692306,0.4595840880884988
2,0.1416298211043973,2025,0.7713128205128206,0.3552435897435897,97.76692307692306,0.4603651027632603
2,0.1431431431431431,2025,0.7713128205128206,0.3552435897435897,97.76692307692306,0.4610995833611869
3,0.0318049849849849,2025,0.7713128205128206,0.3552435897435897,97.76692307692306,0.3716669649952854
3,0.0350323957856161,2025,0.7713128205128206,0.3552435897435897,97.76692307692306,0.3756851330961646
3,0.0382598065862472,2025,0.7713128205128206,0.3552435897435897,97.76692307692306,0.3793897192448962
3,0.0414872173868784,2025,0.7713128205128206,0.3552435897435897,97.76692307692306,0.3827965378153091
3,0.0447146281875095,2025,0.7713128205128206,0.3552435897435897,97.76692307692306,0.3859214031812318
3,0.0479420389881406,2025,0.7713128205128206,0.3552435897435897,97.76692307692306,0.3887801297164933
3,0.0511694497887718,2025,0.7713128205128206,0.3552435897435897,97.76692307692306,0.3913885317949221
3,0.0543968605894029,2025,0.7713128205128206,0.3552435897435897,97.76692307692306,0.3937624237903471
3,0.0576242713900341,2025,0.7713128205128206,0.3552435897435897,97.76692307692306,0.3959176200765968
3,0.0608516821906652,2025,0.7713128205128206,0.3552435897435897,97.76692307692306,0.3978699350275002
3,0.0640790929912963,2025,0.7713128205128206,0.3552435897435897,97.76692307692306,0.3996351830168857
3,0.0673065037919275,2025,0.7713128205128206,0.3552435897435897,97.76692307692306,0.4012291784185823
3,0.0705339145925586,2025,0.7713128205128206,0.3552435897435897,97.76692307692306,0.4026677356064187
3,0.0737613253931898,2025,0.7713128205128206,0.3552435897435897,97.76692307692306,0.4039666689542234
3,0.0769887361938209,2025,0.7713128205128206,0.3552435897435897,97.76692307692306,0.4051417928358254
3,0.080216146994452,2025,0.7713128205128206,0.3552435897435897,97.76692307692306,0.4062089216250532
3,0.0834435577950832,2025,0.7713128205128206,0.3552435897435897,97.76692307692306,0.4071838696957356
3,0.0866709685957143,2025,0.7713128205128206,0.3552435897435897,97.76692307692306,0.4080824514217014
3,0.0898983793963455,2025,0.7713128205128206,0.3552435897435897,97.76692307692306,0.4089204811767792
3,0.0931257901969766,2025,0.7713128205128206,0.3552435897435897,97.76692307692306,0.4097137733347979
3,0.0963532009976077,2025,0.7713128205128206,0.3552435897435897,97.76692307692306,0.4104781422695859
3,0.0995806117982389,2025,0.7713128205128206,0.3552435897435897,97.76692307692306,0.4112294023549723
3,0.10280802259887,2025,0.7713128205128206,0.3552435897435897,97.76692307692306,0.4119833679647856
3,0.1060354333995012,2025,0.7713128205128206,0.3552435897435897,97.76692307692306,0.412754927837729
3,0.1092628442001323,2025,0.7713128205128206,0.3552435897435897,97.76692307692306,0.4135484167789142
3,0.1124902550007634,2025,0.7713128205128206,0.3552435897435897,97.76692307692306,0.4143614574272941
3,0.1157176658013946,2025,0.7713128205128206,0.3552435897435897,97.76692307692306,0.4151915648230676
3,0.1189450766020257,2025,0.7713128205128206,0.3552435897435897,97.76692307692306,0.4160362540064334
3,0.1221724874026569,2025,0.7713128205128206,0.3552435897435897,97.76692307692306,0.41689304001759
3,0.125399898203288,2025,0.7713128205128206,0.3552435897435897,97.76692307692306,0.4177594378967362
3,0.1286273090039191,2025,0.7713128205128206,0.3552435897435897,97.76692307692306,0.4186329626840708
3,0.1318547198045503,2025,0.7713128205128206,0.3552435897435897,97.76692307692306,0.4195111294197924
3,0.1350821306051814,2025,0.7713128205128206,0.3552435897435897,97.76692307692306,0.4203914531440995
3,0.1383095414058125,2025,0.7713128205128206,0.3552435897435897,97.76692307692306,0.421271448897191
3,0.1415369522064437,2025,0.7713128205128206,0.3552435897435897,97.76692307692306,0.4221486317192654
3,0.1447643630070748,2025,0.7713128205128206,0.3552435897435897,97.76692307692306,0.4230205166505216
3,0.147991773807706,2025,0.7713128205128206,0.3552435897435897,97.76692307692306,0.4238846187311581
3,0.1512191846083371,2025,0.7713128205128206,0.3552435897435897,97.76692307692306,0.4247384530013737
3,0.1544465954089683,2025,0.7713128205128206,0.3552435897435897,97.76692307692306,0.4255795345013669
3,0.1576740062095994,2025,0.7713128205128206,0.3552435897435897,97.76692307692306,0.4264053782713366
3,0.1609014170102305,2025,0.7713128205128206,0.3552435897435897,97.76692307692306,0.4272134993514813
3,0.1641288278108617,2025,0.7713128205128206,0.3552435897435897,97.76692307692306,0.4280014127819999
3,0.1673562386114928,2025,0.7713128205128206,0.3552435897435897,97.76692307692306,0.4287666336030908
3,0.1705836494121239,2025,0.7713128205128206,0.3552435897435897,97.76692307692306,0.4295066768549528
3,0.1738110602127551,2025,0.7713128205128206,0.3552435897435897,97.76692307692306,0.4302190575777848
3,0.1770384710133862,2025,0.7713128205128206,0.3552435897435897,97.76692307692306,0.4309012908117851
3,0.1802658818140174,2025,0.7713128205128206,0.3552435897435897,97.76692307692306,0.4315508915971526
3,0.1834932926146485,2025,0.7713128205128206,0.3552435897435897,97.76692307692306,0.4321653749740859
3,0.1867207034152797,2025,0.7713128205128206,0.3552435897435897,97.76692307692306,0.4327422559827838
3,0.1899481142159108,2025,0.7713128205128206,0.3552435897435897,97.76692307692306,0.4332786032470722
3,0.1931755250165419,2025,0.7713128205128206,0.3552435897435897,97.76692307692306,0.4337696790852324
3,0.1964029358171731,2025,0.7713128205128206,0.3552435897435897,97.76692307692306,0.4342102890196427
3,0.1996303466178042,2025,0.7713128205128206,0.3552435897435897,97.76692307692306,0.434595238572656
3,0.2028577574184354,2025,0.7713128205128206,0.3552435897435897,97.76692307692306,0.4349193332666254
3,0.2060851682190665,2025,0.7713128205128206,0.3552435897435897,97.76692307692306,0.4351773786239035
3,0.2093125790196976,2025,0.7713128205128206,0.3552435897435897,97.76692307692306,0.4353641801668435
3,0.2125399898203288,2025,0.7713128205128206,0.3552435897435897,97.76692307692306,0.4354745434177983
3,0.2157674006209599,2025,0.7713128205128206,0.3552435897435897,97.76692307692306,0.4355032738991207
3,0.218994811421591,2025,0.7713128205128206,0.3552435897435897,97.76692307692306,0.4354451771331636
3,0.2222222222222222,2025,0.7713128205128206,0.3552435897435897,97.76692307692306,0.4352950586422802
4,0.0448032285714284,2025,0.7713128205128206,0.3552435897435897,97.76692307692306,0.4098529862589815
4,0.0461582894848307,2025,0.7713128205128206,0.3552435897435897,97.76692307692306,0.4101254942938131
4,0.0475133503982329,2025,0.7713128205128206,0.3552435897435897,97.76692307692306,0.4103004384725386
4,0.0488684113116351,2025,0.7713128205128206,0.3552435897435897,97.76692307692306,0.4103818850337449
4,0.0502234722250373,2025,0.7713128205128206,0.3552435897435897,97.76692307692306,0.4103739002160189
4,0.0515785331384395,2025,0.7713128205128206,0.3552435897435897,97.76692307692306,0.4102805502579474
4,0.0529335940518418,2025,0.7713128205128206,0.3552435897435897,97.76692307692306,0.4101059013981176
4,0.054288654965244,2025,0.7713128205128206,0.3552435897435897,97.76692307692306,0.4098540198751164
4,0.0556437158786462,2025,0.7713128205128206,0.3552435897435897,97.76692307692306,0.4095289719275307
4,0.0569987767920484,2025,0.7713128205128206,0.3552435897435897,97.76692307692306,0.4091348237939475
4,0.0583538377054506,2025,0.7713128205128206,0.3552435897435897,97.76692307692306,0.4086756417129538
4,0.0597088986188529,2025,0.7713128205128206,0.3552435897435897,97.76692307692306,0.4081554919231362
4,0.0610639595322551,2025,0.7713128205128206,0.3552435897435897,97.76692307692306,0.4075784406630821
4,0.0624190204456573,2025,0.7713128205128206,0.3552435897435897,97.76692307692306,0.4069485541713783
4,0.0637740813590595,2025,0.7713128205128206,0.3552435897435897,97.76692307692306,0.4062698986866117
4,0.0651291422724617,2025,0.7713128205128206,0.3552435897435897,97.76692307692306,0.4055465404473693
4,0.066484203185864,2025,0.7713128205128206,0.3552435897435897,97.76692307692306,0.404782545692238
4,0.0678392640992662,2025,0.7713128205128206,0.3552435897435897,97.76692307692306,0.4039819806598048
4,0.0691943250126684,2025,0.7713128205128206,0.3552435897435897,97.76692307692306,0.4031489115886567
4,0.0705493859260706,2025,0.7713128205128206,0.3552435897435897,97.76692307692306,0.4022874047173805
4,0.0719044468394728,2025,0.7713128205128206,0.3552435897435897,97.76692307692306,0.4014015262845634
4,0.0732595077528751,2025,0.7713128205128206,0.3552435897435897,97.76692307692306,0.400495342528792
4,0.0746145686662773,2025,0.7713128205128206,0.3552435897435897,97.76692307692306,0.3995729196886536
4,0.0759696295796795,2025,0.7713128205128206,0.3552435897435897,97.76692307692306,0.398638324002735
4,0.0773246904930817,2025,0.7713128205128206,0.3552435897435897,97.76692307692306,0.3976956217096232
4,0.0786797514064839,2025,0.7713128205128206,0.3552435897435897,97.76692307692306,0.396748879047905
4,0.0800348123198861,2025,0.7713128205128206,0.3552435897435897,97.76692307692306,0.3958021622561675
4,0.0813898732332884,2025,0.7713128205128206,0.3552435897435897,97.76692307692306,0.3948595375729977
4,0.0827449341466906,2025,0.7713128205128206,0.3552435897435897,97.76692307692306,0.3939250712369824
4,0.0840999950600928,2025,0.7713128205128206,0.3552435897435897,97.76692307692306,0.3930028294867088
4,0.085455055973495,2025,0.7713128205128206,0.3552435897435897,97.76692307692306,0.3920968785607635
4,0.0868101168868972,2025,0.7713128205128206,0.3552435897435897,97.76692307692306,0.3912112846977336
4,0.0881651778002995,2025,0.7713128205128206,0.3552435897435897,97.76692307692306,0.3903501141362062
4,0.0895202387137017,2025,0.7713128205128206,0.3552435897435897,97.76692307692306,0.3895174331147681
4,0.0908752996271039,2025,0.7713128205128206,0.3552435897435897,97.76692307692306,0.3887173078720063
4,0.0922303605405061,2025,0.7713128205128206,0.3552435897435897,97.76692307692306,0.3879538046465078
4,0.0935854214539083,2025,0.7713128205128206,0.3552435897435897,97.76692307692306,0.3872309896768593
4,0.0949404823673105,2025,0.7713128205128206,0.3552435897435897,97.76692307692306,0.3865529292016482
4,0.0962955432807128,2025,0.7713128205128206,0.3552435897435897,97.76692307692306,0.3859236894594611
4,0.097650604194115,2025,0.7713128205128206,0.3552435897435897,97.76692307692306,0.3853473366888851
4,0.0990056651075172,2025,0.7713128205128206,0.3552435897435897,97.76692307692306,0.3848279371285071
4,0.1003607260209194,2025,0.7713128205128206,0.3552435897435897,97.76692307692306,0.384369557016914
4,0.1017157869343216,2025,0.7713128205128206,0.3552435897435897,97.76692307692306,0.3839762625926928
4,0.1030708478477239,2025,0.7713128205128206,0.3552435897435897,97.76692307692306,0.3836521200944305
4,0.1044259087611261,2025,0.7713128205128206,0.3552435897435897,97.76692307692306,0.3834011178801667
4,0.1057809696745283,2025,0.7713128205128206,0.3552435897435897,97.76692307692306,0.3832244337657793
4,0.1071360305879305,2025,0.7713128205128206,0.3552435897435897,97.76692307692306,0.3831197154084796
4,0.1084910915013327,2025,0.7713128205128206,0.3552435897435897,97.76692307692306,0.383084386312932
4,0.109846152414735,2025,0.7713128205128206,0.3552435897435897,97.76692307692306,0.3831158699838007
4,0.1112012133281372,2025,0.7713128205128206,0.3552435897435897,97.76692307692306,0.3832115899257501
4,0.1125562742415394,2025,0.7713128205128206,0.3552435897435897,97.76692307692306,0.3833689696434445
4,0.1139113351549416,2025,0.7713128205128206,0.3552435897435897,97.76692307692306,0.3835854326415481
4,0.1152663960683438,2025,0.7713128205128206,0.3552435897435897,97.76692307692306,0.3838584024247253
4,0.1166214569817461,2025,0.7713128205128206,0.3552435897435897,97.76692307692306,0.3841853024976404
4,0.1179765178951483,2025,0.7713128205128206,0.3552435897435897,97.76692307692306,0.3845635563649576
4,0.1193315788085505,2025,0.7713128205128206,0.3552435897435897,97.76692307692306,0.3849905875313413
4,0.1206866397219527,2025,0.7713128205128206,0.3552435897435897,97.76692307692306,0.3854638195014558
4,0.122041700635355,2025,0.7713128205128206,0.3552435897435897,97.76692307692306,0.3859806757799654
4,0.1233967615487572,2025,0.7713128205128206,0.3552435897435897,97.76692307692306,0.3865385798715344
4,0.1247518224621594,2025,0.7713128205128206,0.3552435897435897,97.76692307692306,0.3871349552808271
5,0.1501820644244244,2025,0.7713128205128206,0.3552435897435897,97.76692307692306,0.3754290961926809
5,0.1540083251722858,2025,0.7713128205128206,0.3552435897435897,97.76692307692306,0.375449320449265
5,0.1578345859201471,2025,0.7713128205128206,0.3552435897435897,97.76692307692306,0.3756295756762431
5,0.1616608466680085,2025,0.7713128205128206,0.3552435897435897,97.76692307692306,0.3759296404476297
5,0.1654871074158699,2025,0.7713128205128206,0.3552435897435897,97.76692307692306,0.3763092933374393
5,0.1693133681637313,2025,0.7713128205128206,0.3552435897435897,97.76692307692306,0.3767283129196865
5,0.1731396289115927,2025,0.7713128205128206,0.3552435897435897,97.76692307692306,0.3771464777683859
5,0.1769658896594541,2025,0.7713128205128206,0.3552435897435897,97.76692307692306,0.377523566457552
5,0.1807921504073155,2025,0.7713128205128206,0.3552435897435897,97.76692307692306,0.3778193575611992
5,0.1846184111551768,2025,0.7713128205128206,0.3552435897435897,97.76692307692306,0.3779936296533422
5,0.1884446719030382,2025,0.7713128205128206,0.3552435897435897,97.76692307692306,0.3780069433675757
5,0.1922709326508996,2025,0.7713128205128206,0.3552435897435897,97.76692307692306,0.3778432195455316
5,0.196097193398761,2025,0.7713128205128206,0.3552435897435897,97.76692307692306,0.3775131827722356
5,0.1999234541466224,2025,0.7713128205128206,0.3552435897435897,97.76692307692306,0.3770290324841438
5,0.2037497148944838,2025,0.7713128205128206,0.3552435897435897,97.76692307692306,0.3764029681177124
5,0.2075759756423451,2025,0.7713128205128206,0.3552435897435897,97.76692307692306,0.3756471891093974
5,0.2114022363902065,2025,0.7713128205128206,0.3552435897435897,97.76692307692306,0.3747738948956553
5,0.2152284971380679,2025,0.7713128205128206,0.3552435897435897,97.76692307692306,0.373795284912942
5,0.2190547578859293,2025,0.7713128205128206,0.3552435897435897,97.76692307692306,0.3727235585977138
5,0.2228810186337907,2025,0.7713128205128206,0.3552435897435897,97.76692307692306,0.3715709153864267
5,0.226707279381652,2025,0.7713128205128206,0.3552435897435897,97.76692307692306,0.3703495547155372
5,0.2305335401295135,2025,0.7713128205128206,0.3552435897435897,97.76692307692306,0.3690716760215011
5,0.2343598008773748,2025,0.7713128205128206,0.3552435897435897,97.76692307692306,0.3677494787407749
5,0.2381860616252362,2025,0.7713128205128206,0.3552435897435897,97.76692307692306,0.3663951623098145
5,0.2420123223730976,2025,0.7713128205128206,0.3552435897435897,97.76692307692306,0.3650209261650762
5,0.245838583120959,2025,0.7713128205128206,0.3552435897435897,97.76692307692306,0.3636389697430162
5,0.2496648438688203,2025,0.7713128205128206,0.3552435897435897,97.76692307692306,0.3622614924800907
5,0.2534911046166818,2025,0.7713128205128206,0.3552435897435897,97.76692307692306,0.3609006938127557
5,0.2573173653645432,2025,0.7713128205128206,0.3552435897435897,97.76692307692306,0.3595687731774675
5,0.2611436261124045,2025,0.7713128205128206,0.3552435897435897,97.76692307692306,0.3582779300106823
5,0.2649698868602659,2025,0.7713128205128206,0.3552435897435897,97.76692307692306,0.3570403637488563
5,0.2687961476081273,2025,0.7713128205128206,0.3552435897435897,97.76692307692306,0.3558682738284454
5,0.2726224083559887,2025,0.7713128205128206,0.3552435897435897,97.76692307692306,0.3547725897683393
5,0.2764486691038501,2025,0.7713128205128206,0.3552435897435897,97.76692307692306,0.353754548787286
5,0.2802749298517114,2025,0.7713128205128206,0.3552435897435897,97.76692307692306,0.3528109209549723
5,0.2841011905995728,2025,0.7713128205128206,0.3552435897435897,97.76692307692306,0.3519384524945683
5,0.2879274513474342,2025,0.7713128205128206,0.3552435897435897,97.76692307692306,0.3511338896292436
5,0.2917537120952956,2025,0.7713128205128206,0.3552435897435897,97.76692307692306,0.3503939785821685
5,0.2955799728431569,2025,0.7713128205128206,0.3552435897435897,97.76692307692306,0.349715465576513
5,0.2994062335910183,2025,0.7713128205128206,0.3552435897435897,97.76692307692306,0.3490950968354468
5,0.3032324943388798,2025,0.7713128205128206,0.3552435897435897,97.76692307692306,0.3485296185821401
5,0.3070587550867412,2025,0.7713128205128206,0.3552435897435897,97.76692307692306,0.3480157770397627
5,0.3108850158346025,2025,0.7713128205128206,0.3552435897435897,97.76692307692306,0.3475503184314847
5,0.3147112765824639,2025,0.7713128205128206,0.3552435897435897,97.76692307692306,0.3471299889804761
5,0.3185375373303253,2025,0.7713128205128206,0.3552435897435897,97.76692307692306,0.3467515349099067
5,0.3223637980781867,2025,0.7713128205128206,0.3552435897435897,97.76692307692306,0.3464117024429465
5,0.326190058826048,2025,0.7713128205128206,0.3552435897435897,97.76692307692306,0.3461072378027655
5,0.3300163195739094,2025,0.7713128205128206,0.3552435897435897,97.76692307692306,0.3458348872125339
5,0.3338425803217708,2025,0.7713128205128206,0.3552435897435897,97.76692307692306,0.3455913968954213
5,0.3376688410696322,2025,0.7713128205128206,0.3552435897435897,97.76692307692306,0.3453735130745978
5,0.3414951018174936,2025,0.7713128205128206,0.3552435897435897,97.76692307692306,0.3451779819732334
5,0.3453213625653549,2025,0.7713128205128206,0.3552435897435897,97.76692307692306,0.3450015498144981
5,0.3491476233132163,2025,0.7713128205128206,0.3552435897435897,97.76692307692306,0.3448409628215618
5,0.3529738840610777,2025,0.7713128205128206,0.3552435897435897,97.76692307692306,0.3446929671620672
5,0.3568001448089391,2025,0.7713128205128206,0.3552435897435897,97.76692307692306,0.3445542746934033
5,0.3606264055568005,2025,0.7713128205128206,0.3552435897435897,97.76692307692306,0.3444215045696648
5,0.3644526663046619,2025,0.7713128205128206,0.3552435897435897,97.76692307692306,0.3442912604430127
5,0.3682789270525233,2025,0.7713128205128206,0.3552435897435897,97.76692307692306,0.3441601459656074
5,0.3721051878003847,2025,0.7713128205128206,0.3552435897435897,97.76692307692306,0.3440247647896093
5,0.375931448548246,2025,0.7713128205128206,0.3552435897435897,97.76692307692306,0.3438817205671792
