season,risk,z_dev_frozen,z_sel_frozen
2014,10.1,,
2014,10.18,107.194,107.194
2014,10.26,107.7249,107.7249
2014,10.34,108.2599,108.2599
2014,10.42,108.7991,108.7991
2014,10.5,109.3425,109.3425
2014,10.58,109.89,109.89
2014,10.66,110.3815,110.3815
2014,10.74,110.8042,110.8042
2014,10.82,111.23,111.23
2014,10.9,111.6589,111.6589
2014,10.98,112.091,112.091
2014,11.06,112.5263,112.5263
2014,11.14,112.9478,112.9478
2014,11.22,113.3694,113.3694
2014,11.3,113.794,113.794
2014,11.38,114.2216,114.2216
2014,11.46,114.6523,114.6523
2014,11.54,115.0859,115.0859
2014,11.62,115.3037,115.3037
2014,11.7,115.3037,115.3037
2014,11.78,115.3037,115.3037
2014,11.86,115.3037,115.3037
2014,11.94,115.3037,115.3037
2014,12.02,115.3037,115.3037
2014,12.1,115.3037,115.3037
2015,10.1,,
2015,10.18,107.194,106.4137
2015,10.26,107.7249,107.1394
2015,10.34,108.2599,107.6704
2015,10.42,108.7991,108.2056
2015,10.5,109.3425,108.7449
2015,10.58,109.89,109.2883
2015,10.66,110.3815,109.8353
2015,10.74,110.8042,110.2149
2015,10.82,111.23,110.5973
2015,10.9,111.6589,110.9826
2015,10.98,112.091,111.3707
2015,11.06,112.5263,111.7616
2015,11.14,112.9478,112.1417
2015,11.22,113.3694,112.5133
2015,11.3,113.794,112.8876
2015,11.38,114.2216,113.2645
2015,11.46,114.6523,113.6441
2015,11.54,115.0859,114.0264
2015,11.62,115.3037,114.2695
2015,11.7,115.3037,114.2695
2015,11.78,115.3037,114.2695
2015,11.86,115.3037,114.2695
2015,11.94,115.3037,114.2695
2015,12.02,115.3037,114.2695
2015,12.1,115.3037,114.2695
2016,10.1,,
2016,10.18,107.194,106.4755
2016,10.26,107.7249,106.9609
2016,10.34,108.2599,107.4502
2016,10.42,108.7991,107.9433
2016,10.5,109.3425,108.4402
2016,10.58,109.89,108.9408
2016,10.66,110.3815,109.4027
2016,10.74,110.8042,109.7993
2016,10.82,111.23,110.1988
2016,10.9,111.6589,110.6012
2016,10.98,112.091,111.0067
2016,11.06,112.5263,111.4151
2016,11.14,112.9478,111.8086
2016,11.22,113.3694,112.2021
2016,11.3,113.794,112.5983
2016,11.38,114.2216,112.9974
2016,11.46,114.6523,113.3993
2016,11.54,115.0859,113.804
2016,11.62,115.3037,113.9729
2016,11.7,115.3037,113.9729
2016,11.78,115.3037,113.9729
2016,11.86,115.3037,113.9729
2016,11.94,115.3037,113.9729
2016,12.02,115.3037,113.9729
2016,12.1,115.3037,113.9729
2017,10.1,,
2017,10.18,107.194,
2017,10.26,107.7249,108.8476
2017,10.34,108.2599,109.3434
2017,10.42,108.7991,109.843
2017,10.5,109.3425,110.3465
2017,10.58,109.89,110.8538
2017,10.66,110.3815,111.365
2017,10.74,110.8042,111.7417
2017,10.82,111.23,112.1138
2017,10.9,111.6589,112.4823
2017,10.98,112.091,112.8535
2017,11.06,112.5263,113.2275
2017,11.14,112.9478,113.6042
2017,11.22,113.3694,113.9835
2017,11.3,113.794,114.3656
2017,11.38,114.2216,114.7504
2017,11.46,114.6523,115.138
2017,11.54,115.0859,115.5282
2017,11.62,115.3037,115.8582
2017,11.7,115.3037,115.8582
2017,11.78,115.3037,115.8582
2017,11.86,115.3037,115.8582
2017,11.94,115.3037,115.8582
2017,12.02,115.3037,115.8582
2017,12.1,115.3037,115.8582
2018,10.1,,
2018,10.18,107.194,108.966
2018,10.26,107.7249,109.4966
2018,10.34,108.2599,110.0314
2018,10.42,108.7991,110.5703
2018,10.5,109.3425,111.1134
2018,10.58,109.89,111.6606
2018,10.66,110.3815,112.1145
2018,10.74,110.8042,112.5311
2018,10.82,111.23,112.9509
2018,10.9,111.6589,113.3738
2018,10.98,112.091,113.7998
2018,11.06,112.5263,114.2266
2018,11.14,112.9478,114.6151
2018,11.22,113.3694,115.0064
2018,11.3,113.794,115.4004
2018,11.38,114.2216,115.7973
2018,11.46,114.6523,116.197
2018,11.54,115.0859,116.5994
2018,11.62,115.3037,116.7331
2018,11.7,115.3037,116.7331
2018,11.78,115.3037,116.7331
2018,11.86,115.3037,116.7331
2018,11.94,115.3037,116.7331
2018,12.02,115.3037,116.7331
2018,12.1,115.3037,116.7331
2019,10.1,,
2019,10.18,107.194,109.3244
2019,10.26,107.7249,109.824
2019,10.34,108.2599,110.3276
2019,10.42,108.7991,110.835
2019,10.5,109.3425,111.3463
2019,10.58,109.89,111.8616
2019,10.66,110.3815,112.3292
2019,10.74,110.8042,112.7266
2019,10.82,111.23,113.1271
2019,10.9,111.6589,113.5305
2019,10.98,112.091,113.9368
2019,11.06,112.5263,114.3462
2019,11.14,112.9478,114.7288
2019,11.22,113.3694,115.1068
2019,11.3,113.794,115.4874
2019,11.38,114.2216,115.8708
2019,11.46,114.6523,116.2569
2019,11.54,115.0859,116.6456
2019,11.62,115.3037,116.8589
2019,11.7,115.3037,116.8589
2019,11.78,115.3037,116.8589
2019,11.86,115.3037,116.8589
2019,11.94,115.3037,116.8589
2019,12.02,115.3037,116.8589
2019,12.1,115.3037,116.8589
2020,10.1,,108.9998
2020,10.18,107.194,109.5109
2020,10.26,107.7249,110.026
2020,10.34,108.2599,110.5452
2020,10.42,108.7991,111.0684
2020,10.5,109.3425,111.5957
2020,10.58,109.89,112.1103
2020,10.66,110.3815,112.5023
2020,10.74,110.8042,112.8972
2020,10.82,111.23,113.2951
2020,10.9,111.6589,113.696
2020,10.98,112.091,114.0998
2020,11.06,112.5263,114.4939
2020,11.14,112.9478,114.8788
2020,11.22,113.3694,115.2665
2020,11.3,113.794,115.6569
2020,11.38,114.2216,116.0501
2020,11.46,114.6523,116.446
2020,11.54,115.0859,116.7814
2020,11.62,115.3037,116.7814
2020,11.7,115.3037,116.7814
2020,11.78,115.3037,116.7814
2020,11.86,115.3037,116.7814
2020,11.94,115.3037,116.7814
2020,12.02,115.3037,116.7814
2020,12.1,115.3037,116.7814
2021,10.1,,
2021,10.18,107.194,112.9505
2021,10.26,107.7249,113.4156
2021,10.34,108.2599,113.8843
2021,10.42,108.7991,114.3566
2021,10.5,109.3425,114.8326
2021,10.58,109.89,115.3123
2021,10.66,110.3815,115.7482
2021,10.74,110.8042,116.105
2021,10.82,111.23,116.4645
2021,10.9,111.6589,116.8267
2021,10.98,112.091,117.1916
2021,11.06,112.5263,117.5591
2021,11.14,112.9478,117.9226
2021,11.22,113.3694,118.286
2021,11.3,113.794,118.652
2021,11.38,114.2216,119.0206
2021,11.46,114.6523,119.3918
2021,11.54,115.0859,119.7656
2021,11.62,115.3037,120.0366
2021,11.7,115.3037,120.0366
2021,11.78,115.3037,120.0366
2021,11.86,115.3037,120.0366
2021,11.94,115.3037,120.0366
2021,12.02,115.3037,120.0366
2021,12.1,115.3037,120.0366
2022,10.1,,
2022,10.18,107.194,117.0412
2022,10.26,107.7249,117.308
2022,10.34,108.2599,117.5603
2022,10.42,108.7991,117.8144
2022,10.5,109.3425,118.0705
2022,10.58,109.89,118.3286
2022,10.66,110.3815,118.5358
2022,10.74,110.8042,118.6286
2022,10.82,111.23,118.692
2022,10.9,111.6589,118.7453
2022,10.98,112.091,118.799
2022,11.06,112.5263,118.8532
2022,11.14,112.9478,118.9076
2022,11.22,113.3694,118.9625
2022,11.3,113.794,119.0178
2022,11.38,114.2216,119.0735
2022,11.46,114.6523,119.1296
2022,11.54,115.0859,119.186
2022,11.62,115.3037,119.1906
2022,11.7,115.3037,119.1906
2022,11.78,115.3037,119.1906
2022,11.86,115.3037,119.1906
2022,11.94,115.3037,119.1906
2022,12.02,115.3037,119.1906
2022,12.1,115.3037,119.1906
2023,10.1,,
2023,10.18,107.194,118.7751
2023,10.26,107.7249,118.9822
2023,10.34,108.2599,119.1909
2023,10.42,108.7991,119.4013
2023,10.5,109.3425,119.6132
2023,10.58,109.89,119.82
2023,10.66,110.3815,119.8852
2023,10.74,110.8042,119.9376
2023,10.82,111.23,119.9748
2023,10.9,111.6589,120.0121
2023,10.98,112.091,120.0498
2023,11.06,112.5263,120.0877
2023,11.14,112.9478,120.126
2023,11.22,113.3694,120.1644
2023,11.3,113.794,120.2032
2023,11.38,114.2216,120.2423
2023,11.46,114.6523,120.2816
2023,11.54,115.0859,120.3
2023,11.62,115.3037,120.3
2023,11.7,115.3037,120.3
2023,11.78,115.3037,120.3
2023,11.86,115.3037,120.3
2023,11.94,115.3037,120.3
2023,12.02,115.3037,120.3
2023,12.1,115.3037,120.3
2024,10.1,,
2024,10.18,107.194,
2024,10.26,107.7249,120.4941
2024,10.34,108.2599,120.7353
2024,10.42,108.7991,120.9783
2024,10.5,109.3425,121.2232
2024,10.58,109.89,121.4701
2024,10.66,110.3815,121.7187
2024,10.74,110.8042,121.8382
2024,10.82,111.23,121.9259
2024,10.9,111.6589,121.9942
2024,10.98,112.091,122.0629
2024,11.06,112.5263,122.1322
2024,11.14,112.9478,122.2019
2024,11.22,113.3694,122.2722
2024,11.3,113.794,122.3429
2024,11.38,114.2216,122.4142
2024,11.46,114.6523,122.486
2024,11.54,115.0859,122.5582
2024,11.62,115.3037,122.6238
2024,11.7,115.3037,122.6238
2024,11.78,115.3037,122.6238
2024,11.86,115.3037,122.6238
2024,11.94,115.3037,122.6238
2024,12.02,115.3037,122.6238
2024,12.1,115.3037,122.6238
2025,10.1,,
2025,10.18,107.194,118.2903
2025,10.26,107.7249,120.4619
2025,10.34,108.2599,120.6969
2025,10.42,108.7991,120.9338
2025,10.5,109.3425,121.1726
2025,10.58,109.89,121.4131
2025,10.66,110.3815,121.6555
2025,10.74,110.8042,121.7565
2025,10.82,111.23,121.8184
2025,10.9,111.6589,121.8311
2025,10.98,112.091,121.8439
2025,11.06,112.5263,121.8568
2025,11.14,112.9478,121.8698
2025,11.22,113.3694,121.8829
2025,11.3,113.794,121.8961
2025,11.38,114.2216,121.9094
2025,11.46,114.6523,121.9227
2025,11.54,115.0859,121.9362
2025,11.62,115.3037,121.9453
2025,11.7,115.3037,121.9453
2025,11.78,115.3037,121.9453
2025,11.86,115.3037,121.9453
2025,11.94,115.3037,121.9453
2025,12.02,115.3037,121.9453
2025,12.1,115.3037,121.9453
2026,10.1,,
2026,10.18,107.194,120.2409
2026,10.26,107.7249,120.4555
2026,10.34,108.2599,120.6718
2026,10.42,108.7991,120.8898
2026,10.5,109.3425,121.1095
2026,10.58,109.89,121.3309
2026,10.66,110.3815,121.4633
2026,10.74,110.8042,121.5254
2026,10.82,111.23,121.5332
2026,10.9,111.6589,121.5395
2026,10.98,112.091,121.5458
2026,11.06,112.5263,121.5521
2026,11.14,112.9478,121.5585
2026,11.22,113.3694,121.5649
2026,11.3,113.794,121.5714
2026,11.38,114.2216,121.578
2026,11.46,114.6523,121.5846
2026,11.54,115.0859,121.5908
2026,11.62,115.3037,121.5908
2026,11.7,115.3037,121.5908
2026,11.78,115.3037,121.5908
2026,11.86,115.3037,121.5908
2026,11.94,115.3037,121.5908
2026,12.02,115.3037,121.5908
2026,12.1,115.3037,121.5908
