season,arbitrage__pts,arbitrage__sd,arbitrage__a_dm,arbitrage__b_ds,arbitrage__b_dm,arbitrage__c_dm,arbitrage__c_ds,arbitrage__c_frac,arbitrage__w,farrell__eo,farrell__ei,cf_paths__sS,cf_paths__mS,cf_paths__sD,cf_paths__mD,cf_paths__sA,cf_paths__mA,league_frontier_series__w,league_frontier_series__pts,league_frontier_series__sd,league_frontier_series__sharpe,league_frontier_series__sd_min,league_frontier_series__excess,league_frontier_series__pct,league_frontier_series__dpts,league_frontier_series__short,league_frontier_series__w_minvar,league_frontier_series__w_maxret,league_frontier_series__sharpe_best,league_frontier_series__w_bestsharpe,league_frontier_series__sharpe_gap,slack_two_benchmarks__w,slack_two_benchmarks__pts,slack_two_benchmarks__sd,slack_two_benchmarks__own_ret,slack_two_benchmarks__own_sd,slack_two_benchmarks__own_pct,slack_two_benchmarks__own_w,slack_two_benchmarks__pool_ret,slack_two_benchmarks__pool_sd,slack_two_benchmarks__pool_pct,slack_two_benchmarks__pool_w,equilibrium_series__w,equilibrium_series__p2,equilibrium_series__p3,equilibrium_series__q,equilibrium_series__FGA,equilibrium_series__mu2,equilibrium_series__mu3,equilibrium_series__s2,equilibrium_series__s3,equilibrium_series__sP,equilibrium_series__sd_obs,equilibrium_series__sd_min,equilibrium_series__excess,equilibrium_series__pct,equilibrium_series__gap,equilibrium_series__relgap,equilibrium_series__label,season_summary__w,season_summary__p2,season_summary__p3,season_summary__sd100,season_summary__ORtg,season_summary__v2A,season_summary__v3A,season_summary__v2B,season_summary__v3B,trend_series__yr,trend_series__w,trend_series__TPA,trend_series__FGA,zone_league_full__s2,zone_league_full__s03,zone_league_full__s310,zone_league_full__s1016,zone_league_full__s163,zone_league_full__s3,zone_league_full__p2,zone_league_full__p03,zone_league_full__p310,zone_league_full__p1016,zone_league_full__p163,zone_league_full__p3,zone_league_full__csh,zone_league_full__pc3,zone_league_full__chk2,zone_league_full__chk1,zone_league_full__p2r,zone_league_full__wp,zone_league_full__p2p,zone_league_full__p3p,zone_league_full__sc3,zone_league_full__snc3,zone_league_full__pnc3
2014,106.05527770204849,10.615776646487353,4.08093095205632,0.4716232812761891,0.6735313407496477,2.2840238969966578,0.2639590959685289,0.5596820734851621,0.2596151604484938,0.9629465095818492,0.955573360576285,10.615776646487353,106.05527770204849,10.615776646487353,106.05527770204849,10.615776646487353,106.05527770204849,0.2596151604484938,105.8239688191499,10.613129659537478,1.0651178183347687,10.16444242493496,0.4486872346025166,4.41428280907783,0.984590445845356,3.45935254557925,0.1649970029970029,0.2574544697418678,1.1237490336572258,0.1658545906448069,5.217465249482133,0.2596151604484938,106.05527770204849,10.615776646487353,3.447052762813584,0.4554180478860328,4.482302897741475,0.1649970029970029,4.08093095205632,0.4716232812761891,4.6492128450423165,0.1622372432372432,0.2596,0.4885333333333334,0.3587666666666667,0.7570666666666667,87.63666666666667,1.1993666666666667,1.2385000000000002,1.0096856000827648,1.4398143539919837,1.1370926370509562,10.644831042765384,9.452116977090729,1.1927140656746555,12.618486086931192,0.0391333333333334,3.2628331619465936,2013-14,0.2596,0.4885333333333334,0.3587666666666667,10.974054581871275,106.65,1.1994029953247811,1.2384669296918869,1.22731693110628,1.2003700710471257,2014,0.2596,22.750478666666663,87.63666666666667,0.741,0.286,0.169,0.105,0.18,0.259,0.488,0.636,0.39,0.401,0.395,0.36,0.248,0.39,0.74,0.999,0.4878527027027026,0.2596,0.4885333333333334,0.3587666666666667,0.064232,0.194768,0.3501063829787234
2015,105.875492631456,10.675280600589554,4.032052117848281,0.5006353297691444,0.2821905035076639,2.205523482653561,0.2738464047039901,0.5469977614849251,0.2678641179641179,0.9633141462031084,0.95310330955221,10.653900921351852,106.4466425418088,10.63737075604523,105.49663430054612,10.675280600589554,105.875492631456,0.2678641179641179,105.59219796209094,10.671971753012434,1.0531266420287049,10.241492042708172,0.4304797103042617,4.203290970779583,0.5220851888875018,3.19039167024792,0.1751681681681681,0.2616230653549299,1.105069047064366,0.1756647478757775,4.700376431106001,0.2678641179641179,105.875492631456,10.675280600589554,3.1553831489685398,0.4363464416304499,4.26163929620198,0.1751681681681681,4.032052117848281,0.5006353297691444,4.920420480946919,0.1622372432372432,0.2678666666666666,0.4857666666666667,0.3491,0.7506666666666667,88.27,1.1938333333333333,1.2095000000000002,1.0097196657876188,1.430977107764782,1.137956082347608,10.69133812407098,9.486529862548585,1.2048082615223965,12.700199956981129,0.0156666666666669,1.312299315929103,2014-15,0.2678666666666666,0.4857666666666667,0.3491,11.025469097255725,105.64,1.1938696619914475,1.209466929691887,1.2217835977729463,1.1713700710471255,2015,0.2678666666666666,23.644590666666662,88.27,0.732,0.29,0.164,0.103,0.175,0.268,0.485,0.627,0.384,0.403,0.394,0.35,0.254,0.387,0.732,1.0,0.4853346994535519,0.2678666666666666,0.4857666666666667,0.3491,0.068072,0.199928,0.3374021447721179
2016,106.35588711789434,10.733746538507312,3.412278651539637,0.5680642505048699,-1.4210854715202004e-14,1.7382964558766076,0.2893855321332736,0.5094239461048351,0.2844143793477127,0.9689137681437888,0.9470767966742144,10.728673167584269,107.0128109818706,10.622506396870662,105.47632841057822,10.733746538507312,106.35588711789434,0.2844143793477127,105.9743147014972,10.729443671927688,1.0549477176209354,10.23985383862678,0.4895898333009079,4.78121896090038,0.8960149024375283,3.2630051862265503,0.1778538378378378,0.282373621464169,1.1154058878627866,0.1791669841913555,5.420284301860212,0.2844143793477127,106.35588711789434,10.733746538507312,3.251337126641644,0.4970116776349957,4.855177792429832,0.1778538378378378,3.412278651539637,0.5680642505048699,5.588058276966823,0.1622372432372432,0.2844333333333333,0.4916333333333333,0.3527666666666667,0.7579666666666667,87.65666666666667,1.205566666666667,1.2205,1.0097824323348936,1.434392433652097,1.146669731682423,10.735711310096312,9.454102066205657,1.2816092438906566,13.556118126457072,0.0149333333333332,1.2386982608455146,2015-16,0.2844333333333333,0.4916333333333333,0.3527666666666667,10.9631900013457,106.39666666666668,1.205602995324781,1.2204669296918869,1.23351693110628,1.1823700710471254,2016,0.2844333333333333,24.932477888888886,87.65666666666667,0.715,0.293,0.158,0.103,0.162,0.285,0.491,0.624,0.396,0.405,0.398,0.354,0.248,0.377,0.716,1.001,0.4910488826815642,0.2844333333333333,0.4916333333333333,0.3527666666666667,0.0706799999999999,0.2143199999999999,0.3464148936170212
2017,108.72345178732984,10.904378661381289,3.779106821198667,0.6645046817566556,2.8421709430404014e-14,1.979617280640369,0.3480888509668141,0.5238320519377297,0.3162776052124681,0.9664087033402616,0.9390607477608924,10.8708356695672,107.63905963564233,10.651713317815318,107.2699893897938,10.904378661381289,108.72345178732984,0.3162776052124681,108.14643428207826,10.898339258625102,1.0576367446829458,10.485509402012005,0.4128298566130972,3.937146406390912,0.6741520253367668,2.9923464706781715,0.2267784895104894,0.3136619370133287,1.107849139898144,0.2279676864874187,4.532421735671955,0.3162776052124681,108.72345178732984,10.904378661381289,2.977226099374775,0.4185144598946504,3.991225251947439,0.2267784895104894,3.779106821198667,0.6645046817566556,6.489383395527049,0.1622372432372432,0.3162333333333333,0.5039666666666667,0.3571666666666667,0.7718,88.03,1.2302333333333333,1.2337000000000002,1.0094954471786368,1.438355035539164,1.1623501189536702,10.905669078454231,9.471520760927628,1.4341483175266028,15.14169005934949,0.0034666666666669,0.2817893624515906,2016-17,0.3162333333333333,0.5039666666666667,0.3571666666666667,11.100627420127784,108.81,1.2302696619914475,1.233666929691887,1.2581835977729463,1.1955700710471255,2017,0.3162333333333333,27.838020333333333,88.03,0.684,0.29,0.152,0.099,0.142,0.316,0.503,0.631,0.414,0.412,0.402,0.358,0.228,0.388,0.6829999999999999,0.999,0.5033528550512445,0.3162333333333333,0.5039666666666667,0.3571666666666667,0.072048,0.243952,0.349139896373057
2018,108.97049979058178,10.95451005297162,4.693182618848141,0.7738270764854871,0.0,2.467916709533256,0.406918061248712,0.5258514125621139,0.3370719381386048,0.9587099193043672,0.9293599556033478,10.962509490196684,107.73381763251514,10.603810569138073,107.30665020543044,10.95451005297162,108.97049979058178,0.3370719381386048,109.32392497419194,10.958259983037708,1.0639306272479323,10.547227529372034,0.4110324536656744,3.897066338248867,1.0994897092031837,3.647662171719333,0.2504184044044043,0.336369557095849,1.1191079526535124,0.2511763890034434,4.930473889918241,0.3370719381386048,108.97049979058178,10.95451005297162,3.643810952508616,0.4167330529978397,3.9546581124166647,0.2504184044044043,4.6931826188481125,0.7738270764854871,7.600934812259275,0.1622372432372432,0.3370333333333333,0.5107666666666667,0.3617333333333333,0.7675,87.92666666666668,1.2438333333333331,1.2473999999999998,1.0094218024880206,1.442376871114068,1.173328406167726,11.002208974586075,9.46526953246624,1.5369394421198344,16.237672227378972,0.0035666666666664,0.2867479565858096,2017-18,0.3370333333333333,0.5107666666666667,0.3617333333333333,11.14486678335494,108.61666666666666,1.2438696619914478,1.2473669296918868,1.2717835977729466,1.2092700710471254,2018,0.3370333333333333,29.63421755555556,87.92666666666668,0.663,0.281,0.156,0.106,0.12,0.337,0.51,0.658,0.394,0.415,0.4,0.362,0.208,0.394,0.663,1.0,0.5103348416289593,0.3370333333333333,0.5107666666666667,0.3617333333333333,0.070096,0.266904,0.3535959595959595
2019,110.3845094790514,11.0723300821482,4.025040032239431,0.7233206095935785,2.8421709430404014e-14,2.109475083152475,0.3790836341618639,0.5240879758353151,0.3588834397477684,0.9648190203577176,0.934673135263572,11.058158946844005,108.77280352678852,10.63056336419401,107.80325115407965,11.0723300821482,110.3845094790514,0.3588834397477684,110.61287719145986,11.074732987178166,1.0611580526427888,10.693234419761344,0.3814985674168216,3.5676629955086803,0.7434446111786741,3.001168629100661,0.2765463573573573,0.3574116700144011,1.108017300726195,0.2776767026762153,4.229107979874924,0.3588834397477684,110.3845094790514,11.0723300821482,2.993016509514135,0.3868404731610297,3.6202409745986097,0.2765463573573573,4.025040032239431,0.7233206095935785,6.989273819024033,0.1622372432372432,0.3587666666666667,0.5202333333333333,0.3555,0.7669666666666667,88.58999999999999,1.2627666666666666,1.2287,1.0088555358654565,1.4368687615658955,1.1804013217877656,11.110204119527822,9.495576397360328,1.6146277221674945,17.003999068622555,-0.0340666666666666,-2.6977800068632387,2018-19,0.3587666666666667,0.5202333333333333,0.3555,11.099901965906536,110.4,1.262802995324781,1.2286669296918868,1.2907169311062798,1.1905700710471254,2019,0.3587666666666667,31.783139,88.58999999999999,0.641,0.292,0.162,0.096,0.092,0.359,0.52,0.658,0.4,0.413,0.401,0.355,0.214,0.383,0.6419999999999999,1.001,0.5194330218068537,0.3587666666666667,0.5202333333333333,0.3555,0.0768259999999999,0.282174,0.3473765903307887
2020,110.21521012579596,11.128531556779311,4.608250232790383,0.8393088348845072,0.0,2.4220324972242224,0.4411290990304515,0.525586149812363,0.3838927313593979,0.959866649041937,0.924580450654946,11.168448787630313,108.97681335954049,10.574930981769985,107.50328132978294,11.128531556779311,110.21521012579596,0.3838927313593979,110.29646884086822,11.1293630831644,1.057193563049171,10.715214130766247,0.4141489523981523,3.8650553068185545,0.8150733662771188,3.228647072150565,0.2948491508491508,0.3838211003884718,1.10807624506071,0.2955754861487694,4.591983831288737,0.3838927313593979,110.21521012579596,11.128531556779311,3.228251530232896,0.419680090278586,3.9190018798133774,0.2948491508491508,4.608250232790383,0.8393088348845072,8.157164613596235,0.1622372432372432,0.3838999999999999,0.5238,0.3577666666666667,0.7722333333333334,87.87666666666668,1.2699,1.2355,1.008391100165863,1.4388888949865648,1.1921870382867037,11.175865931679944,9.452915843095036,1.7229500885849092,18.22665214821999,-0.0343999999999999,-2.708874714544451,2019-20,0.3838999999999999,0.5238,0.3577666666666667,11.152974375696768,110.5,1.2699363286581145,1.235466929691887,1.2978502644396133,1.1973700710471256,2020,0.3838999999999999,33.735852333333334,87.87666666666668,0.616,0.282,0.165,0.093,0.077,0.384,0.524,0.667,0.396,0.416,0.404,0.358,0.211,0.39,0.6169999999999999,1.001,0.5238735818476501,0.3838999999999999,0.5238,0.3577666666666667,0.081024,0.302976,0.3494423320659062
2021,112.73067369530231,11.254254284780073,5.711724597824627,1.0987849819055435,-1.4210854715202004e-14,3.050477230935556,0.5868312646364924,0.5340728844134683,0.3918594732594732,0.9517763513730196,0.9023671445391536,11.20767233841469,108.03599814474426,10.64298633585172,110.8519014783181,11.254254284780073,112.73067369530231,0.3918594732594732,112.7659576341644,11.25460123764019,1.06426396841605,10.803283478467696,0.4513177591724933,4.177598042965602,1.7756981245014885,4.168034110578219,0.2985193875193874,0.3964994876258382,1.1289839221896252,0.2991020085853323,5.732584184906109,0.3918594732594732,112.73067369530231,11.254254284780073,4.193996056282373,0.4569356971328187,4.231936785264256,0.2985193875193874,5.711724597824627,1.0987849819055435,10.819637666518569,0.1622372432372432,0.3918666666666667,0.5306000000000001,0.3660333333333333,0.7786666666666666,88.63333333333334,1.2835,1.2603,1.0074659796224477,1.4459947021750756,1.198583385773612,11.284096582835938,9.4848164532529,1.7992801295830372,18.970110159232,-0.0232000000000001,-1.8075574600701287,2020-21,0.3918666666666667,0.5306000000000001,0.3660333333333333,11.324265422963837,112.35333333333332,1.2835363286581143,1.260266929691887,1.311450264439613,1.2221700710471255,2021,0.3918666666666667,34.7324488888889,88.63333333333334,0.608,0.254,0.186,0.096,0.072,0.392,0.53,0.675,0.428,0.435,0.409,0.367,0.222,0.395,0.608,1.0,0.5300427631578948,0.3918666666666667,0.5306000000000001,0.3660333333333333,0.087024,0.304976,0.3590102827763496
2022,112.47304496027,11.275691443765057,6.527934590633905,1.1233345105670125,2.962109798924047,5.210868373022535,0.8966922373635455,0.798241511258238,0.4014203191701216,0.945143858350834,0.9003755542469933,11.25238255895508,107.72207564433596,10.639825643987628,112.97509704937276,11.275691443765057,112.47304496027,0.4014203191701216,112.36189923140049,11.27458246437538,1.055361151296321,10.887900433786696,0.386682030588684,3.55148389664508,1.2742182545209886,3.402217023663382,0.3188679999999999,0.4043384599791642,1.111514270447734,0.3193316755512921,5.051947657747446,0.4014203191701216,112.47304496027,11.275691443765057,3.3851868985961038,0.3816317884127063,3.5031182175067954,0.3188679999999999,6.527934590633905,1.1233345105670125,11.06476572837709,0.1622372432372432,0.3996333333333333,0.5329666666666667,0.3535666666666666,0.775,89.17333333333333,1.2882333333333331,1.2229,1.0072768238688814,1.4350847902714816,1.1967322950737471,11.300938502887115,9.511879547985467,1.78905895490165,18.80867967131225,-0.0653333333333332,-5.071545009961956,2021-22,0.3996333333333333,0.5329666666666667,0.3535666666666666,11.395531953698514,111.97333333333331,1.2882696619914478,1.2228669296918868,1.3161835977729466,1.1847700710471254,2022,0.3996333333333333,35.63663644444444,89.17333333333333,0.601,0.239,0.193,0.094,0.07,0.399,0.533,0.687,0.439,0.431,0.399,0.354,0.235,0.383,0.5960000000000001,0.995,0.5324899328859061,0.3996333333333333,0.5329666666666667,0.3535666666666666,0.093765,0.305235,0.3450915032679738
2023,114.06361723830764,11.18684540232443,6.0848449300602425,1.0854868921643843,2.933618762274193,5.0064055186102365,0.893102064189673,0.8227663278447215,0.3888519720109601,0.949355615375806,0.9029675611733368,11.1974451099305,107.61092458277793,10.59904130639457,114.472646877261,11.18684540232443,114.06361723830764,0.3888519720109601,113.88023156340942,11.185058425344922,1.0829298599408812,10.799181327913406,0.385877097431516,3.57320694703136,0.5553636347527089,2.628466045596824,0.3076776606776605,0.3916830974797579,1.1329818667446991,0.3076776606776605,4.417723555243491,0.3888519720109601,114.06361723830764,11.18684540232443,2.612051755545494,0.3810424814469026,3.526276429775565,0.3076776606776605,6.0848449300602425,1.0854868921643843,10.745949577698788,0.1622372432372432,0.3878,0.5486333333333333,0.3601333333333333,0.782,88.39333333333335,1.3195666666666666,1.2426,1.0045243628481868,1.4409489373326176,1.1928765337079574,11.215154246736653,9.444309914395056,1.7708443323415963,18.75038354726657,-0.0769666666666666,-5.83272286356632,2022-23,0.3878,0.5486333333333333,0.3601333333333333,11.25871973458616,114.80666666666666,1.319602995324781,1.2425669296918869,1.3475169311062798,1.2044700710471254,2023,0.3878,34.27893466666667,88.39333333333335,0.613,0.245,0.206,0.096,0.063,0.387,0.548,0.701,0.454,0.447,0.414,0.361,0.237,0.387,0.6099999999999999,0.997,0.5479721311475411,0.3878,0.5486333333333333,0.3601333333333333,0.091719,0.295281,0.3529239842726081
2024,116.01111774531884,11.320779903270225,6.350280896912182,1.1359102124955882,2.4630217606097915,4.991414474814633,0.8928421858468045,0.7860147536531342,0.3947411825078491,0.9481022531012449,0.8996614877948949,11.224372732782776,107.610137336584,10.69159155064398,116.15056068627612,11.320779903270225,116.01111774531884,0.3947411825078491,115.85975495964468,11.319335590535124,1.0804446072729357,10.997816599202755,0.3215189913323684,2.923480205658957,0.3147145845069872,2.0650925528287587,0.3275049549549549,0.3970925704774005,1.119571223752523,0.3275049549549549,3.4947858295647283,0.3947411825078491,116.01111774531884,11.320779903270225,2.05130372977898,0.3175723610520577,2.886179869220551,0.3275049549549549,6.350280896912167,1.1359102124955882,11.15291846614872,0.1622372432372432,0.3947,0.5453333333333333,0.3656666666666666,0.7839666666666667,89.74666666666667,1.3129666666666666,1.2592,1.005081374778946,1.4456740099470469,1.198490558942203,11.353866431819112,9.52160999284067,1.832256438978442,19.24313682618928,-0.0537666666666667,-4.095051918048192,2023-24,0.3947,0.5453333333333333,0.3656666666666666,11.433583101891024,115.28333333333332,1.313002995324781,1.2591669296918868,1.34091693110628,1.2210700710471254,2024,0.3947,35.42300933333333,89.74666666666667,0.605,0.241,0.211,0.096,0.058,0.395,0.545,0.699,0.452,0.446,0.407,0.366,0.244,0.393,0.606,1.001,0.5449719471947195,0.3947,0.5453333333333333,0.3656666666666666,0.09638,0.29862,0.3572857142857143
2025,115.08901426655926,11.425232251876553,6.827892910924561,1.2505518949491528,2.7278244394859854,5.719366917221748,1.0475215750378035,0.8376474253236775,0.4212119308920912,0.943995520646003,0.8905447287740034,11.34036218988162,107.64909096936856,10.678820437609982,115.59173394555644,11.425232251876553,115.08901426655926,0.4212119308920912,115.0942102696561,11.425282186957144,1.063076444203746,11.032303055891749,0.3929791310653954,3.562077012156828,0.9359151893228556,3.1063494255317465,0.3397232822822822,0.4263221365233838,1.1176926846568478,0.340992949476962,4.886516768235816,0.4212119308920912,115.08901426655926,11.425232251876553,3.0761589838397327,0.3881827977488381,3.517088505965349,0.3397232822822822,6.827892910924561,1.2505518949491528,12.290822424684023,0.1622372432372432,0.4211999999999999,0.5451666666666667,0.3599666666666666,0.7804,89.79333333333334,1.312633333333333,1.2420999999999998,1.005220223425962,1.4408076372631802,1.20798965530725,11.446830766553896,9.52540092551356,1.9214298410403376,20.17164270633307,-0.0705333333333335,-5.373422382488146,2024-25,0.4211999999999999,0.5451666666666667,0.3599666666666666,11.507127247643862,114.53333333333332,1.3126696619914475,1.2420669296918867,1.3405835977729466,1.2039700710471253,2025,0.4211999999999999,37.820952,89.79333333333334,0.579,0.226,0.214,0.091,0.048,0.421,0.545,0.696,0.461,0.443,0.4,0.36,0.243,0.388,0.5790000000000001,1.0,0.5448411053540586,0.4211999999999999,0.5451666666666667,0.3599666666666666,0.1023029999999999,0.318697,0.351011889035667
2026,114.8966363093028,11.346964752551267,6.67863134341269,1.222939536540105,2.8572588746138337,5.683640237199711,1.040744428032765,0.8510187110126441,0.4151300420967087,0.945065871765214,0.8922232012516707,11.314186174579882,107.73693286230072,10.629792264784587,115.38011268090658,11.346964752551267,114.8966363093028,0.4151300420967087,114.86604007455448,11.346671962004011,1.0717464175633211,10.885376060521814,0.4612959014821989,4.23775806106681,2.5567444046091623,4.6919704409318825,0.3219839999999999,0.4249299546919902,1.149128490920423,0.3233198723635047,6.733979182355876,0.4151300420967087,114.8966363093028,11.346964752551267,4.634395955581908,0.455822010095515,4.185254209538858,0.3219839999999999,6.67863134341269,1.222939536540105,12.079578136629143,0.1622372432372432,0.4151333333333333,0.5504333333333334,0.3593333333333333,0.7828333333333333,89.22,1.3231666666666668,1.2402000000000002,1.0041437910558138,1.4402455967571657,1.2045073584384247,11.377335552149846,9.484774645346317,1.8925609068035316,19.953672887021234,-0.0829666666666666,-6.270311122307592,2025-26,0.4151333333333333,0.5504333333333334,0.3593333333333333,11.41207358152206,115.78,1.3232029953247813,1.240166929691887,1.35111693110628,1.2020700710471257,2026,0.4151333333333333,37.038196,89.22,0.585,0.231,0.209,0.095,0.049,0.415,0.55,0.703,0.463,0.446,0.401,0.36,0.246,0.387,0.5840000000000001,0.999,0.5499640410958905,0.4151333333333333,0.5504333333333334,0.3593333333333333,0.10209,0.3129099999999999,0.3511909814323607
